{"cameraMode":{"drawMode":0,"name":"Shaded","section":"Shading Mode"},"sceneLighting":true,"audioPlay":false,"sceneViewState":{"showFog":true,"showMaterialUpdate":false,"showSkybox":true,"showFlares":true,"showImageEffects":true,"showParticleSystems":true},"in2DMode":false,"pivot":{"x":125.90000915527344,"y":160.9600067138672,"z":-21.200002670288087},"rotation":{"x":-0.01799839176237583,"y":0.008396771736443043,"z":-0.00015108034131117165,"w":-0.9998027682304382},"size":594.66455078125,"orthographic":true}